item,sku,category
12cm Yellow Corn Tortilla 4.5,,Bakery
BREADCRUMBS JAPANESE PANKO YELLOW 1KG (Natures Secret) EA (6),,Bakery
Breadcrumbs Panko,,Bakery
FLOUR TORTILLAS 12X91GM 12INCH (True Foods) EA (6),,Bakery
MASECA TORTILLA YELLOW CORN  FLOUR 1kg,,Bakery
Tortilla Corn,,Bakery
Tortilla Flour 12inch,,Bakery
Balter Cerveza,,Beer & Cider
BATLOW APPLE CIDER CAN - (CASE OF 24),,Beer & Cider
Batlow Cloudy Cider,,Beer & Cider
CORONA BOTTLE - (CASE OF 24),,Beer & Cider
Corona Extra Beer,,Beer & Cider
CORONA EXTRA LOCAL BOTTLES - (CASE OF 24),,Beer & Cider
Freshwater Brewing Hazy Pale Keg,,Beer & Cider
Freshwater Brewing Keg,,Beer & Cider
Freshwater Brewing Wedge Cerveza Keg,,Beer & Cider
Heaps Normal Another Lager,,Beer & Cider
HEAPS NORMAL CAN - (CASE OF 24),,Beer & Cider
Heaps Normal Quiet XPA,,Beer & Cider
Modelo Especial,,Beer & Cider
MODELO ESPECIAL - (CASE OF 24),,Beer & Cider
MODUS CERVEZA CAN - (CASE OF 12),,Beer & Cider
Modus Operandi Cerveza,,Beer & Cider
Oasis Pale Ale,,Beer & Cider
Secrets Hazy Pale Keg,,Beer & Cider
Wedge Cerveza Keg,,Beer & Cider
Butter Unsalted,,Dairy & Eggs
BUTTER UNSALTED 1KG (Devondale),,Dairy & Eggs
BUTTER UNSALTED 500GM Devondale,,Dairy & Eggs
CHEESE BLUE 100GM (Castello) EA (10),,Dairy & Eggs
Cheese Goat,,Dairy & Eggs
CHEESE GOAT LOG 1KG (Meredith) EA (12),,Dairy & Eggs
Cheese Halloumi,,Dairy & Eggs
CHEESE HALOUMI 750GM (Cypriana) EA (5),,Dairy & Eggs
Cheese Mozzarella Shredded,,Dairy & Eggs
CHEESE MOZZARELLA SHREDDED 2KG (Cheese King) EA (6),,Dairy & Eggs
CHEESE RICOTTA 500GM (Perfect) EA (6),,Dairy & Eggs
Cheese Ricotta Salata,,Dairy & Eggs
CONDENSED MILK 395GM (Nestle) EA (12),,Dairy & Eggs
CREAM THICK FRESH 5LT (Dairy Farmers) EA (3),,Dairy & Eggs
Cream Thickened,,Dairy & Eggs
Eggs 700g Free Range Dozen,,Dairy & Eggs
Eggs 700g Packet Dozen,,Dairy & Eggs
Eggs Dozen,,Dairy & Eggs
EVAPORATED MILK CARNATION 340ML (Nestle) EA (18),,Dairy & Eggs
Milk,,Dairy & Eggs
Milk Condensed,,Dairy & Eggs
MILK LONG LIFE UHT 1LT (Devondale) EA (10),,Dairy & Eggs
PARMESAN GRANA WEDGE 14 X 200GM (Zanetti) CTN,,Dairy & Eggs
Sour Cream Light,,Dairy & Eggs
Callebaut Chocolate White Callet 28% 2.5kg,,Desserts & Sweets
CHOCOLATE WHITE 2.5KG (Callebaut) EA (8),,Desserts & Sweets
PISTACHIO PASTE 1KG EA,,Desserts & Sweets
ALMOND BLANCHED WHOLE 1KG (Natures Secret) EA (12),,Dry / Pantry
ALMOND SLICE 1KG -flakes (Natures Secret) EA (10),,Dry / Pantry
ALMOND SMOKED 1KG (Natures Secret) EA (12),,Dry / Pantry
Ascorbic Acid,,Dry / Pantry
Ascorbic Acid 600g - Red Spoon,,Dry / Pantry
Beans Black Dry,,Dry / Pantry
BEANS BLACK DRY 1KG (Galaxy) EA (12),,Dry / Pantry
Beans Butter,,Dry / Pantry
BEANS BUTTER TIN 400GM (Sandhurst) EA (24),,Dry / Pantry
BICARB SODA 1KG (Krio Krush) EA,,Dry / Pantry
CASHEW PIECES 1KG (Natures Secret) EA (12),,Dry / Pantry
Chilli Guajillo Dried,,Dry / Pantry
Coconut Cream,,Dry / Pantry
COCONUT CREAM 560ML (Mae Ploy) EA (24),,Dry / Pantry
Coconut Flakes,,Dry / Pantry
COCONUT FLAKES 500GM (Natures Secret) EA (10),,Dry / Pantry
Coconut Milk,,Dry / Pantry
COCONUT MILK 400ML (Royal Line) EA (24),,Dry / Pantry
CORN KERNELS 425GM (Sandhurst),,Dry / Pantry
CRANBERRIES DRIED 1KG (Natures Secret) EA (12),,Dry / Pantry
Cuitlacoche- Corn Truffles- Monteblanco  420gr,,Dry / Pantry
Flour Plain,,Dry / Pantry
FLOUR PLAIN 12.5KG (Manildra) EA,,Dry / Pantry
FLOUR PLAIN 1KG (Manildra) EA,,Dry / Pantry
HAZELNUT KERNALS S/ON 1KG (Natures Secret) EA (12),,Dry / Pantry
HAZELNUT ROASTED 1KG (Natures Secret) EA (12),,Dry / Pantry
Hominy Corn 3kg Carey,,Dry / Pantry
LENTILS PUY FRENCH 1KG (Chefs Choice) EA,,Dry / Pantry
Nut Hazelnut Roasted,,Dry / Pantry
Nut Pistachio Kernel,,Dry / Pantry
Nut Walnut,,Dry / Pantry
Onion Fried,,Dry / Pantry
Peanuts Roasted,,Dry / Pantry
PEANUTS ROASTED SALTED 1KG (Galaxy) EA (12),,Dry / Pantry
PECAN NUT 1KG (Trumps),,Dry / Pantry
Pepita Seeds,,Dry / Pantry
PISTACHIO NUT KERNAL 1KG (Natures Secret) EA (12),,Dry / Pantry
POLENTA 1KG (Galaxy) EA (12),,Dry / Pantry
Rice Basmati,,Dry / Pantry
RICE BASMATI 1KG (Natures Secret) EA (12),,Dry / Pantry
RICE JASMINE 1KG (Sunrice) EA (12),,Dry / Pantry
SALT COD FILLETS 1KG + R/W (Fresh),,Dry / Pantry
Salt Flakes,,Dry / Pantry
Salt Rock Coarse,,Dry / Pantry
SALT ROCK COARSE 10KG (Olssons) EA,,Dry / Pantry
Salt Table,,Dry / Pantry
SALT TABLE 14KG (Olssons) CTN,,Dry / Pantry
Sea Salt Flakes,,Dry / Pantry
SEA SALT FLAKES 6KG (Olssons) CTN,,Dry / Pantry
Sesame Seed White,,Dry / Pantry
SESAME SEED WHITE 1KG (Galaxy) EA (12),,Dry / Pantry
Sugar Brown,,Dry / Pantry
Sugar Caster,,Dry / Pantry
SUGAR CASTER 1KG (CSR) EA (12),,Dry / Pantry
SUGAR WHITE 1KG (CSR) EA (12),,Dry / Pantry
Thyme Dried,,Dry / Pantry
White Corn Flour 2kg (MASA LISTA),,Dry / Pantry
Whole dried Ancho Chilli 1kg,,Dry / Pantry
Whole Dried Arbol Chilli 75GRS,,Dry / Pantry
Whole dried Cascabel Chilli 1kg,,Dry / Pantry
Whole dried Cascabel Chilli 1kg,,Dry / Pantry
Whole dried Guajillo (Mirasol) Chilli 1kg,,Dry / Pantry
Whole dried Pasilla Chilli 1kg,,Dry / Pantry
Wonton Egg Wrapper,,Dry / Pantry
WONTON EGG WRAPPER 300GM (Mc Yee Noodles) EA,,Dry / Pantry
CHIPS 7MM SHOESTRING FRIES 5X3KG G/FREE (McCain) CTN,,Frozen
Chips Shoestring Fries,,Frozen
Dulce de Leche 1.5L - Gelato Messina,,Frozen
Ice Cream Chocolate,,Frozen
ICE CREAM CHOCOLATE 10LT (Everest) EA,,Frozen
Mixed Berries Frozen,,Frozen
MIXED BERRIES WHOLE FROZEN 1KG (Harvestime) EA (10),,Frozen
Allspice,,Herbs & Spices
ALLSPICE WHOLE 350GM (Galaxy) EA,,Herbs & Spices
Bay Leaves Bunch,,Herbs & Spices
Cinnamon Ground,,Herbs & Spices
CINNAMON GROUND 400GM (Chefs Choice) EA,,Herbs & Spices
Cinnamon Quill,,Herbs & Spices
CINNAMON QUILL 200GM (Chefs Choice) EA,,Herbs & Spices
CLOVES GROUND 450GM (Galaxy) EA,,Herbs & Spices
CLOVES WHOLE 350GM (Galaxy) EA,,Herbs & Spices
CORIANDER SEED 250GM (Galaxy) EA,,Herbs & Spices
Cumin Ground,,Herbs & Spices
CUMIN GROUND 450GM (Chefs Choice) EA,,Herbs & Spices
CUMIN SEEDS 450GM (Windsor Farm) EA,,Herbs & Spices
FENNEL SEED 450GM (Galaxy) EA,,Herbs & Spices
Garlic Powder,,Herbs & Spices
GARLIC POWDER 540GM (Windsor Farm) EA,,Herbs & Spices
Mexican Oregano - 250g,,Herbs & Spices
Onion Powder,,Herbs & Spices
ONION POWDER 500GM (Galaxy) EA,,Herbs & Spices
Oregano Mexican 250gm,,Herbs & Spices
Paprika Smoked,,Herbs & Spices
PAPRIKA SMOKED 500GM (Galaxy) EA,,Herbs & Spices
Pepper Black Cracked,,Herbs & Spices
PEPPER BLACK CRACKED RESTAURANT 400GM (Windsor Farm) EA,,Herbs & Spices
PEPPER CORNS BLACK WHOLE 500GM (Windsor Farm) EA,,Herbs & Spices
Peppercorns Black Whole,,Herbs & Spices
THYME LEAVES 200GM (Natures Secret) EA,,Herbs & Spices
Vanilla Bean Paste,,Herbs & Spices
VANILLA BEAN PASTE ORGANIC TUBE 320GM (Queen) EA (10),,Herbs & Spices
Amaro Montenegro,,Liqueurs & Aperitifs
AMARO MONTENEGRO 700ML BOTTLE,,Liqueurs & Aperitifs
Aperol,,Liqueurs & Aperitifs
APEROL APERITIF 700ML BOTTLE,,Liqueurs & Aperitifs
Brookies Mac,,Liqueurs & Aperitifs
CAMPARI 700ML BOTTLE,,Liqueurs & Aperitifs
Campari Aperitif,,Liqueurs & Aperitifs
Chambord,,Liqueurs & Aperitifs
Chartreuse Green,,Liqueurs & Aperitifs
Cointreau 1L,,Liqueurs & Aperitifs
Dolin Dry Vermouth,,Liqueurs & Aperitifs
Gentiane de Lure,,Liqueurs & Aperitifs
Giffard Amaretto,,Liqueurs & Aperitifs
GIFFARD AMARETTO 700ML BOTTLE,,Liqueurs & Aperitifs
Giffard Mandarin Liqueur,,Liqueurs & Aperitifs
GIFFARD MANDARIN LIQUEUR 700ML BOTTLE,,Liqueurs & Aperitifs
Giffard Maraschino Liqueur,,Liqueurs & Aperitifs
GIFFARD MARASCHINO LIQUEUR 700ML BOTTLE,,Liqueurs & Aperitifs
GIFFARD VIOLETTE 700ML BOTTLE,,Liqueurs & Aperitifs
Giffard Violette Liqueur,,Liqueurs & Aperitifs
La Fee Absinthe,,Liqueurs & Aperitifs
Licor 43,,Liqueurs & Aperitifs
LICOR 43 700ML BOTTLE,,Liqueurs & Aperitifs
LYRES TRIPLE SEC 700ML BOTTLE,,Liqueurs & Aperitifs
Manly Spirits Coffee Liqueur,,Liqueurs & Aperitifs
Manly Spirits Triple Sec,,Liqueurs & Aperitifs
Manly Spirits Triple Sec No Sugar,,Liqueurs & Aperitifs
Marionette Blue Curacao,,Liqueurs & Aperitifs
Massenez Birdseye Chili Liqueur,,Liqueurs & Aperitifs
MASSENEZ BIRDSEYE CHILLI 700ML BOTTLE,,Liqueurs & Aperitifs
Massenez Creme de Peche,,Liqueurs & Aperitifs
Massenez Elder fl ower Liqueur,,Liqueurs & Aperitifs
Massenez Pomme Verte,,Liqueurs & Aperitifs
Merlet Creme de Mure,,Liqueurs & Aperitifs
Okar,,Liqueurs & Aperitifs
Patron XO Cafe,,Liqueurs & Aperitifs
PATRON XO CAFE 700ML BOTTLE,,Liqueurs & Aperitifs
ROSSO ANTICO 750ML BOTTLE,,Liqueurs & Aperitifs
Rosso Antico Sweet Vermouth,,Liqueurs & Aperitifs
Triple SEC 20L - 20% ABV,,Liqueurs & Aperitifs
Triple SEC 20L - 20% ABV,,Liqueurs & Aperitifs
TSEC 20L (NoSugar) - 20L - 20% ABV,,Liqueurs & Aperitifs
Vok Creme de Cacao Blanco,,Liqueurs & Aperitifs
VOK CREME DE CACAO WHITE 500ML - (CASE OF 6),,Liqueurs & Aperitifs
VOK CREME DE CACAO WHITE 500ML BOTTLE,,Liqueurs & Aperitifs
BEEF BRISKET POINT END,,Meat & Poultry
Beef Chuck Roll,,Meat & Poultry
Beef Flank Steak,,Meat & Poultry
BEEF SHORT RIBS GRAINFED 3 RIB,,Meat & Poultry
Beef Short Ribs Grainfed 3rib,,Meat & Poultry
CHICKEN NO. 15 FRESH,,Meat & Poultry
Chicken Thigh Fillet Skin Off,,Meat & Poultry
CHICKEN THIGH FILLETS SKIN OFF,,Meat & Poultry
CHORIZO DON'S,,Meat & Poultry
DELI BACON STREAKY,,Meat & Poultry
DELI CHORIZO RODRIGUEZ,,Meat & Poultry
PORK BELLY BONELESS SKIN ON,,Meat & Poultry
THIGH FILLET SKIN OFF (Pack of 5kg),,Meat & Poultry
YG BEEF CHUCK ROLL,,Meat & Poultry
Apple Juice,,Non-Alcoholic & Mixers
Apple Juice 2 Litre Bottle,,Non-Alcoholic & Mixers
Capi Ginger Beer,,Non-Alcoholic & Mixers
CAPI GRAPEFRUIT SODA - (CASE OF 12),,Non-Alcoholic & Mixers
Capi Sparkling Grapefruit,,Non-Alcoholic & Mixers
Fee Brothers Grapefruit Bitters,,Non-Alcoholic & Mixers
FINEST CALL MANGO PUREE 1000ML BOTTLE,,Non-Alcoholic & Mixers
FINEST CALL PASSIONFRUIT PUREE 1L BOTTLE,,Non-Alcoholic & Mixers
First Press Black Cold Drip Coffee Mixer,,Non-Alcoholic & Mixers
FIRST PRESS COFFEE MIXER 750ML - (CASE OF 6),,Non-Alcoholic & Mixers
FIRST PRESS COFFEE MIXER 750ML BOTTLE,,Non-Alcoholic & Mixers
Giffard Coconut Syrup,,Non-Alcoholic & Mixers
GIFFARD COCONUT SYRUP 1000ML - (CASE OF 6),,Non-Alcoholic & Mixers
GIFFARD COCONUT SYRUP 1000ML BOTTLE,,Non-Alcoholic & Mixers
GIFFARD FALERNUM 1000ML BOTTLE,,Non-Alcoholic & Mixers
Giffard Falernum Syrup 1000ml,,Non-Alcoholic & Mixers
Giffard Ginger Syrup,,Non-Alcoholic & Mixers
GIFFARD GINGER SYRUP 1000ML BOTTLE,,Non-Alcoholic & Mixers
Giffard Green Apple Syrup,,Non-Alcoholic & Mixers
GIFFARD GREEN APPLE SYRUP 1000ML BOTTLE,,Non-Alcoholic & Mixers
Giffard Rose Syrup 1000ml,,Non-Alcoholic & Mixers
GIFFARD ROSE SYRUP 1L BOTTLE,,Non-Alcoholic & Mixers
Giffard Vanilla Syrup,,Non-Alcoholic & Mixers
GIFFARD VANILLA SYRUP 1L - (CASE OF 6),,Non-Alcoholic & Mixers
Grapefruit Juice,,Non-Alcoholic & Mixers
Grapefruit Juice 2 Litre Bottle,,Non-Alcoholic & Mixers
Lime Juice,,Non-Alcoholic & Mixers
Lime Juice (1 x 5L),,Non-Alcoholic & Mixers
Lyres Agave Blanco,,Non-Alcoholic & Mixers
LYRES AGAVE BLANCO 700ML BOTTLE,,Non-Alcoholic & Mixers
Lyres Orange Sec,,Non-Alcoholic & Mixers
Lyres White Cane,,Non-Alcoholic & Mixers
Midnight Mixers Classic Dry Tonic,,Non-Alcoholic & Mixers
Midnight Mixers Soda Water,,Non-Alcoholic & Mixers
ROSE WATER 330ML,,Non-Alcoholic & Mixers
SAMMY PIQUANT JETSETTER 700ML BOTTLE,,Non-Alcoholic & Mixers
Sammy Piquant The Jetsetter,,Non-Alcoholic & Mixers
Strangelove Double Ginger Beer,,Non-Alcoholic & Mixers
STRANGELOVE DOUBLE GINGER BEER - (CASE OF 24),,Non-Alcoholic & Mixers
Strangelove Lemon Squash,,Non-Alcoholic & Mixers
STRANGELOVE LEMON SQUASH - (CASE OF 24),,Non-Alcoholic & Mixers
Strangelove Very Mandarin,,Non-Alcoholic & Mixers
STRANGELOVE VERY MANDARIN - (CASE OF 24),,Non-Alcoholic & Mixers
Strangelove Yuzu Soda,,Non-Alcoholic & Mixers
STRANGELOVE YUZU SODA - (CASE OF 24),,Non-Alcoholic & Mixers
Supasawa,,Non-Alcoholic & Mixers
SUPASAWA 700ML - (CASE OF 6),,Non-Alcoholic & Mixers
Water,,Non-Alcoholic & Mixers
Watermelon juice,,Non-Alcoholic & Mixers
Watermelon Juice (1 x 5L),,Non-Alcoholic & Mixers
ACHIOTE PASTE 1KG (El Yucateco) EA (15),,Oils & Condiments
Agave Syrup,,Oils & Condiments
Agave Syrup Clear (4L),,Oils & Condiments
CAPERS BABY 700GM (Sandhurst),,Oils & Condiments
Caramelised Balsamic Vinegar 2.5L - Pukara Estate,,Oils & Condiments
Chilli Choptle in Adobo,,Oils & Condiments
Chipotle Chillis in adobo sauce  2.8KG-SAN MARCOS,,Oils & Condiments
Herradura Agave Nectar,,Oils & Condiments
HERRADURA AGAVE NECTAR 473ML - (CASE OF 12),,Oils & Condiments
HERRADURA AGAVE NECTAR 473ML BOTTLE,,Oils & Condiments
Honey,,Oils & Condiments
HONEY PURE 3KG (Wild Flower) EA (4),,Oils & Condiments
Lemon Oil,,Oils & Condiments
Mayonnaise Whole Egg,,Oils & Condiments
MAYONNAISE WHOLE EGG 10KG (Birch & Waite) EA,,Oils & Condiments
MAYONNAISE WHOLE EGG 15KG (Birch & Waite) EA,,Oils & Condiments
Mustard Dijon,,Oils & Condiments
MUSTARD DIJON 215GM (Maille) EA (6),,Oils & Condiments
NECTAR AGAVE ORGANIC 4LT (Chefs Choice) EA (2),,Oils & Condiments
Oil Canola Spray,,Oils & Condiments
Oil Grapeseed,,Oils & Condiments
Oil Olive Extra Virgin,,Oils & Condiments
OIL OLIVE EXTRA VIRGIN 4LT (Natures Secret),,Oils & Condiments
OIL OLIVE EXTRA VIRGIN 4LT (Natures Secret),,Oils & Condiments
Oil Olive Pomace,,Oils & Condiments
OIL OLIVE POMACE 4L (Trading),,Oils & Condiments
OIL OLIVE PURE 4L (Zeno) EA,,Oils & Condiments
Oil Vegetable,,Oils & Condiments
OIL VEGETABLE 20LT (Trading) EA,,Oils & Condiments
OLIVES PITTED GREEN 2KG (Riviana) EA (6),,Oils & Condiments
PALM HEART JAR 400GM (Latin Deli) EA (24),,Oils & Condiments
SAUCE PEPPER RED TABASCO 350ML (Tabasco) EA (12),,Oils & Condiments
TAMARIND CONCENTRATE 1LT (Mae Ploy) EA (12),,Oils & Condiments
Tomato Ketchup 1L,,Oils & Condiments
TOMATO PASSATA 720ml (Mazza Pomodoro) EA (12),,Oils & Condiments
TOMATO PASTE 500GM (Leggos) EA (6),,Oils & Condiments
Vinegar Apple Cider,,Oils & Condiments
VINEGAR APPLE CIDER 5LT (PGF) EA (2),,Oils & Condiments
VINEGAR RICE WINE 250ML (Obento) EA (6),,Oils & Condiments
VINEGAR SHERRY 500ML (Chefs Choice),,Oils & Condiments
Vinegar White,,Oils & Condiments
VINEGAR WHITE 4LT (Edlyn) EA (3),,Oils & Condiments
VINEGAR WHITE 5LT (Menu Master) EA (3),,Oils & Condiments
Vinegar White Wine,,Oils & Condiments
VINEGAR WHITE WINE 500ML (PGF) EA,,Oils & Condiments
White Cooking Wine 15L - Elegre,,Oils & Condiments
Apples Granny Smith kg,,Produce
ARTICHOKE JERUSALEM box (5kg),,Produce
Artichokes Jerusalem Box,,Produce
Avocadoes Hass,,Produce
Avocadoes Hass Tray,,Produce
Avocadoes Hass Tray,,Produce
Bananas Plantain Kg,,Produce
Basil Bunch,,Produce
Beetroot Medium Kg,,Produce
BROCCOLINI box (12 bun),,Produce
Broccolinni Box,,Produce
Cabbage,,Produce
Cabbage Each,,Produce
Cabbage Red,,Produce
Cabbage Red Each,,Produce
Capsicum Green Large Kg,,Produce
Capsicum Red Large Kg,,Produce
Carrots Dutch Box,,Produce
Carrots Medium,,Produce
Carrots Medium Kg,,Produce
Cauli fl ower,,Produce
Cauliflower Each,,Produce
Celeriac,,Produce
Celery Bunch,,Produce
Celery Bunch,,Produce
Chilli Habenero,,Produce
Chilli Habenero Kg,,Produce
Chilli Jalapeno,,Produce
Chilli Jalapeno Kg,,Produce
Chilli Large Red,,Produce
Chilli Morita,,Produce
Chilli Poblano,,Produce
Chilli Poblano Kilo,,Produce
"Chilli,Shishito Pepper Kg",,Produce
CHIPOTLE CHILLIS A10 IN ADOBE SCE 3KG (Faro) EA (6),,Produce
Confetti Coriander 50 gram,,Produce
Continental Parsley Bunch,,Produce
Coriander Bunch,,Produce
Coriander Dozen,,Produce
Coriander Ground,,Produce
Corn Sweet Box,,Produce
Cucumber Quks,,Produce
Cucumber Quks Punnet,,Produce
Cucumber Telegraph,,Produce
Cucumber Telegraph Each,,Produce
Dill,,Produce
Dill Bunch,,Produce
Eggplant Box,,Produce
Eggplant Kg,,Produce
Fennel Each,,Produce
Flower Edible Elder,,Produce
Flower Edible Marigold,,Produce
Flower Edible Viola,,Produce
Flowers Edible Phlox,,Produce
Forage Fresh Mix (100 gram),,Produce
Fresh Mix Forage 100g,,Produce
Garlic Peeled 1kg Bag,,Produce
Garlic Peeled Bag,,Produce
GIFFARD STRAWBERRY 1000ML BOTTLE,,Produce
Ginger kg,,Produce
Grapefruit Ruby,,Produce
Grapefruit Ruby Kg,,Produce
Large Red Capsicum,,Produce
Lemon,,Produce
Lemons Large,,Produce
Lettuce Baby Gem 20s Box,,Produce
Lettuce Baby Gem Box,,Produce
Lettuce Iceberg,,Produce
Lettuce Iceberg Each,,Produce
Limes,,Produce
Limes Volume Box,,Produce
Limes Volume Box,,Produce
MARJORAM bunch,,Produce
Medley Tomatoes,,Produce
Mesculin Gold Mix 1.5kg Box,,Produce
Mesculin Gold Mix Box,,Produce
Mesculin Greens Mix,,Produce
Mint Bunch,,Produce
Mushrooms Shitaki Punnet 500gm,,Produce
ONION SPANISH kg,,Produce
Onions Brown,,Produce
Onions Brown Med-Lge 10kg Bag,,Produce
Onions Spanish,,Produce
Onions Spanish Large Bag,,Produce
Oranges Large,,Produce
Oranges Large Kg,,Produce
Pears Nashi,,Produce
"PEPITAS, PUMPKIN SEED 1KG (Galaxy) EA (12)",,Produce
"PEPITAS, PUMPKIN SEED 1KG (Galaxy) EA (12)",,Produce
Petite Bouche Bulls Blood,,Produce
Petite Bouche Chervil,,Produce
Petite Bouche Red Elk,,Produce
Petite Bouche Upperland Cress,,Produce
Petite Bouche Watercress,,Produce
Pineapples,,Produce
Pineapples Each,,Produce
Pineapples Topless Each,,Produce
Potatoes Brushed Kg,,Produce
Potatoes Cocktail Kg,,Produce
Radish Bunch,,Produce
Shallots Golden Peeled,,Produce
Shallots Golden Peeled 1kg Bag,,Produce
Spring Onion Bunch,,Produce
Strawberries Extra Lge Punnet,,Produce
Strawberries Large Punnet,,Produce
Tarragon Bunch,,Produce
Thyme Bunch,,Produce
TOMATILLOS A10 GREEN TOMATO (Faro) EA (6),,Produce
Tomatillos Green Can,,Produce
TOMATO box LRG (10kg),,Produce
TOMATO CHERRY 400GM (Chefs Choice) EA (12),,Produce
TOMATO PEELED PELATI A9 2.5KG (Mutti) EA (6),,Produce
TOMATO PEELED PELATI A9 2.5KG (Mutti) EA (6),,Produce
Tomatoes,,Produce
Tomatoes Cherry,,Produce
Tomatoes Large Box,,Produce
Tomatoes Medley 200 Punnets,,Produce
Wakame,,Produce
Zucchini Medium,,Produce
Barramundi Fillets,,Seafood
BARRAMUNDI FILLETS IMP 200/300 S/OFF 5KG (Trading) CTN,,Seafood
KINGFISH FILLET S/OFF SASHIMI GRADE 1KG S.A FARMED (Hiramasa),,Seafood
"KINGFISH WHOLE FARMED 3-4KG SASHIMI GRADE R/W S.A (Hiramasa). Ordered: 3 KG, Supplied Qty: 5.4 KG, Reason for adjustment: Random Weight",,Seafood
OCTOPUS HANDS IMPORTED 1KG (Trading) EA (10),,Seafood
Parrot Fish Fillets,,Seafood
PRAWN CUTLETS RAW NATURAL 21/25 1KG VANNAMEI IMP (Trading) EA (10),,Seafood
Prawn Meat Raw,,Seafood
PRAWN MEAT RAW VANNAMEI 31/40 700GM (Trading) EA (10),,Seafood
SALMON FILLET S/ON TASI SASHIMI 1.5-2KG  (Huon),,Seafood
Salmon Fillet Sashimi Skin On,,Seafood
SALMON FILLETS S/OFF TASI SASHIMI 1.5-2KG R/W (Huon),,Seafood
SCALLOPS 10/20 CHINA R/OFF 1KG (Trading) EA (10),,Seafood
SCALLOPS IQF 10/20 R/OFF 1KG (Shark Bay),,Seafood
SNAPPER WHOLE PLATE SIZE 700-900GM NZ R/W (Fresh),,Seafood
ABASOLO 750ML BOTTLE,,Spirits — Other
BALLANTINE'S SCOTCH 1000ML BOTTLE,,Spirits — Other
Ballantines Scotch,,Spirits — Other
Barsol Pisco,,Spirits — Other
BARSOL PISCO 700ML BOTTLE,,Spirits — Other
BELVEDERE PURE VODKA : 700 ml,,Spirits — Other
Belvedere Vodka,,Spirits — Other
Captain Morgan,,Spirits — Other
Fords Gin,,Spirits — Other
Four Pillars Rare Dry Gin,,Spirits — Other
FOUR PILLARS RARE DRY GIN 700ML BOTTLE,,Spirits — Other
Glen fi ddich 12yo Whiskey,,Spirits — Other
Grey Goose,,Spirits — Other
Hendricks Gin,,Spirits — Other
Jack Daniels,,Spirits — Other
JACK DANIELS 700ML BOTTLE,,Spirits — Other
Jameson Irish Whiskey,,Spirits — Other
JAMESON IRISH WHISKEY 1000ML BOTTLE,,Spirits — Other
KATUN GIN 700ML BOTTLE,,Spirits — Other
LYRES WHITE CANE SPIRIT 700ML BOTTLE,,Spirits — Other
Manly Spirits Bulk 20Ltr Australian Dry Gin 1 x 20ltr Drum,,Spirits — Other
Manly Spirits Dry Gin,,Spirits — Other
Manly Spirits Vodka,,Spirits — Other
Never Never Dark Series Mediterranean Gin,,Spirits — Other
OLD FORESTER 700ML BOTTLE,,Spirits — Other
Ron Santiago de Cuba 8yo,,Spirits — Other
RON SANTIAGO DE CUBA BLANCA 700ML BOTTLE,,Spirits — Other
Ron Santiago de Cuba Carta Blanca,,Spirits — Other
Rum,,Spirits — Other
THOQUINO CACACHA 700ML BOTTLE,,Spirits — Other
Thoquino Cachaca,,Spirits — Other
Vodka One,,Spirits — Other
VODKA ONE 700ML BOTTLE,,Spirits — Other
WOODFORD RESERVE 700ML BOTTLE,,Spirits — Other
Woodford Reserve Bourbon,,Spirits — Other
Aguas Mansas,,Spirits — Tequila & Mezcal
AGUAS MANSAS 700ML - (CASE OF 6),,Spirits — Tequila & Mezcal
AGUAS MANSAS 700ML BOTTLE,,Spirits — Tequila & Mezcal
Alipus San Baltazar,,Spirits — Tequila & Mezcal
Alipus San Juan,,Spirits — Tequila & Mezcal
Alquimia Blanco,,Spirits — Tequila & Mezcal
APRENDIZ 750ML BOTTLE,,Spirits — Tequila & Mezcal
Aprendiz Ensamble Mezcal,,Spirits — Tequila & Mezcal
Arette Blanco,,Spirits — Tequila & Mezcal
ARETTE BLANCO 700ML BOTTLE,,Spirits — Tequila & Mezcal
Arette Reposado,,Spirits — Tequila & Mezcal
ARETTE REPOSADO 700ML BOTTLE,,Spirits — Tequila & Mezcal
Arette Reposado Los Primos Edition,,Spirits — Tequila & Mezcal
Arette Suave Blanco,,Spirits — Tequila & Mezcal
ARETTE SUAVE BLANCO 750ML BOTTLE,,Spirits — Tequila & Mezcal
ArteNom 1579,,Spirits — Tequila & Mezcal
Batanga Blanco,,Spirits — Tequila & Mezcal
Batanga Reposado,,Spirits — Tequila & Mezcal
Bruxo No. 4,,Spirits — Tequila & Mezcal
BRUXO X 750ML BOTTLE,,Spirits — Tequila & Mezcal
Calle 23 Anejo,,Spirits — Tequila & Mezcal
Calle 23 Blanco,,Spirits — Tequila & Mezcal
CALLE 23 BLANCO 750ML BOTTLE,,Spirits — Tequila & Mezcal
Calle 23 Reposado,,Spirits — Tequila & Mezcal
CALLE 23 REPOSADO 700ML BOTTLE,,Spirits — Tequila & Mezcal
Cascahuin Blanco,,Spirits — Tequila & Mezcal
Cascahuin Extra Anejo,,Spirits — Tequila & Mezcal
Cascahuin Plata 48%,,Spirits — Tequila & Mezcal
Cascahuin Tahona Blanco,,Spirits — Tequila & Mezcal
Clase Azul Reposado,,Spirits — Tequila & Mezcal
CODIGO 1530 BLANCO ROSA 750ML BOTTLE,,Spirits — Tequila & Mezcal
Codigo 1530 Rosa,,Spirits — Tequila & Mezcal
Corralejo Anejo,,Spirits — Tequila & Mezcal
Corralejo Blanco,,Spirits — Tequila & Mezcal
Del Maguey Minero,,Spirits — Tequila & Mezcal
Del Maguey Vida,,Spirits — Tequila & Mezcal
DEL MAGUEY VIDA 750ML BOTTLE,,Spirits — Tequila & Mezcal
Don Fulano Anejo,,Spirits — Tequila & Mezcal
Don Fulano Blanco,,Spirits — Tequila & Mezcal
Don Julio 1942,,Spirits — Tequila & Mezcal
DON JULIO 1942 750ML BOTTLE,,Spirits — Tequila & Mezcal
Don Julio Anejo,,Spirits — Tequila & Mezcal
DON JULIO ANEJO 750ML BOTTLE,,Spirits — Tequila & Mezcal
Don Julio Blanco,,Spirits — Tequila & Mezcal
DON JULIO BLANCO 750ML BOTTLE,,Spirits — Tequila & Mezcal
Don Julio Reposado,,Spirits — Tequila & Mezcal
DON JULIO REPOSADO 750ML BOTTLE,,Spirits — Tequila & Mezcal
EL JIMADOR REPOSADO 700ML - (CASE OF 6),,Spirits — Tequila & Mezcal
EL JIMADOR REPOSADO 700ML BOTTLE,,Spirits — Tequila & Mezcal
El Jolgorio Arroqueno (Black Red),,Spirits — Tequila & Mezcal
El Jolgorio Cuishe (Purple),,Spirits — Tequila & Mezcal
El Jolgorio Espadin (Green),,Spirits — Tequila & Mezcal
EL JOLGORIO ESPADIN (GREEN) 750ML BOTTLE,,Spirits — Tequila & Mezcal
El Jolgorio Jabali (Black Tan),,Spirits — Tequila & Mezcal
El Jolgorio Madrecuishe (Pink),,Spirits — Tequila & Mezcal
El Jolgorio Mexicano (Brown),,Spirits — Tequila & Mezcal
EL JOLGORIO MEXICANO (BROWN) 750ML BOTTLE,,Spirits — Tequila & Mezcal
El Jolgorio Pechuga (Black Yellow),,Spirits — Tequila & Mezcal
El Jolgorio Pechuga (Yellow),,Spirits — Tequila & Mezcal
EL JOLGORIO PECHUGA (YELLOW) 750ML BOTTLE,,Spirits — Tequila & Mezcal
El Jolgorio Sierrudo (Black Green),,Spirits — Tequila & Mezcal
El Jolgorio Tepeztate (Blue),,Spirits — Tequila & Mezcal
EL JOLGORIO TEPEZTATE (BLUE) 750ML BOTTLE,,Spirits — Tequila & Mezcal
El Jolgorio Tobasiche (Black Brown),,Spirits — Tequila & Mezcal
EL JOLGORIO TOBASICHE (BLACK BROWN) 750ML BOTTLE,,Spirits — Tequila & Mezcal
El Jolgorio Todos Santos Arroqueno (Neon Pink),,Spirits — Tequila & Mezcal
El Jolgorio Todos Santos Tobasiche (Neon Orange),,Spirits — Tequila & Mezcal
El Tequileno 1959 Anejo,,Spirits — Tequila & Mezcal
EL TEQUILENO 1959 ANEJO 750ML BOTTLE,,Spirits — Tequila & Mezcal
El Tequileno 1959 Platinum,,Spirits — Tequila & Mezcal
EL TEQUILENO 1959 PLATINUM 750ML BOTTLE,,Spirits — Tequila & Mezcal
El Tequileno 1959 Reposado Gran Reserva,,Spirits — Tequila & Mezcal
El Tequileno 1959 Reposado Rare,,Spirits — Tequila & Mezcal
EL TEQUILENO 1959 REPOSADO RARE 750ML BOTTLE,,Spirits — Tequila & Mezcal
EL TEQUILENO 1959 RESERVA REPOSADO 750ML BOTTLE,,Spirits — Tequila & Mezcal
El Tequileno Blanco,,Spirits — Tequila & Mezcal
EL TEQUILENO BLANCO 750ML - (CASE OF 12),,Spirits — Tequila & Mezcal
EL TEQUILENO BLANCO 750ML BOTTLE,,Spirits — Tequila & Mezcal
El Tequileno Reposado,,Spirits — Tequila & Mezcal
El Tesoro Anejo,,Spirits — Tequila & Mezcal
El Tesoro Blanco,,Spirits — Tequila & Mezcal
El Tesoro Reposado,,Spirits — Tequila & Mezcal
Fortaleza Anejo,,Spirits — Tequila & Mezcal
Fortaleza Blanco,,Spirits — Tequila & Mezcal
FORTALEZA BLANCO 750ML BOTTLE,,Spirits — Tequila & Mezcal
Fortaleza Reposado,,Spirits — Tequila & Mezcal
FORTALEZA REPOSADO 750ML BOTTLE,,Spirits — Tequila & Mezcal
G4 ANEJO 750ML BOTTLE,,Spirits — Tequila & Mezcal
G4 Añejo Tequila,,Spirits — Tequila & Mezcal
G4 BLANCO 750ML BOTTLE,,Spirits — Tequila & Mezcal
G4 Blanco Tequila,,Spirits — Tequila & Mezcal
G4 Reposado,,Spirits — Tequila & Mezcal
G4 REPOSADO 750ML BOTTLE,,Spirits — Tequila & Mezcal
GRACIAS A DIOS ESPADIN 700ML BOTTLE,,Spirits — Tequila & Mezcal
Gran Centenario Anejo,,Spirits — Tequila & Mezcal
GRAN CENTENARIO ANEJO 700ML BOTTLE,,Spirits — Tequila & Mezcal
Herradura Anejo,,Spirits — Tequila & Mezcal
HERRADURA ANEJO 700ML BOTTLE,,Spirits — Tequila & Mezcal
Herradura Plata,,Spirits — Tequila & Mezcal
HERRADURA PLATA 700ML BOTTLE,,Spirits — Tequila & Mezcal
Herradura Reposado,,Spirits — Tequila & Mezcal
HERRADURA REPOSADO 700ML BOTTLE,,Spirits — Tequila & Mezcal
HERRADURA SELECCION SUPREMA 750ML BOTTLE,,Spirits — Tequila & Mezcal
Herradura Seleccion Suprema Extra Anejo,,Spirits — Tequila & Mezcal
Herradura Ultra,,Spirits — Tequila & Mezcal
HERRADURA ULTRA 700ML BOTTLE,,Spirits — Tequila & Mezcal
ILEGAL ANEJO 750ML BOTTLE,,Spirits — Tequila & Mezcal
ILEGAL JOVEN 700ML BOTTLE,,Spirits — Tequila & Mezcal
Ilegal Reposado,,Spirits — Tequila & Mezcal
ILEGAL REPOSADO 700ML BOTTLE,,Spirits — Tequila & Mezcal
Koch Ancestral Espadin,,Spirits — Tequila & Mezcal
Koch Arroqueno,,Spirits — Tequila & Mezcal
Koch Artesenal Espadin,,Spirits — Tequila & Mezcal
Koch Mexicano,,Spirits — Tequila & Mezcal
Koch Tepeztate,,Spirits — Tequila & Mezcal
Lagrimas de Delores,,Spirits — Tequila & Mezcal
LAGRIMAS DE DOLORES JOVEN 700ML BOTTLE,,Spirits — Tequila & Mezcal
Los Siete Misterios Doba-Yej,,Spirits — Tequila & Mezcal
MADRE MEZCAL ENSAMBLE 750ML BOTTLE,,Spirits — Tequila & Mezcal
MADRE MEZCAL ESPADIN 750ML BOTTLE,,Spirits — Tequila & Mezcal
Mezcal Machetazo,,Spirits — Tequila & Mezcal
Mezcal Verde,,Spirits — Tequila & Mezcal
MEZCAL VERDE MOMENTO 700ML BOTTLE,,Spirits — Tequila & Mezcal
Milagro Silver,,Spirits — Tequila & Mezcal
MILAGRO SILVER 700ML BOTTLE,,Spirits — Tequila & Mezcal
Nuestra Soledad La Campania Ejutla,,Spirits — Tequila & Mezcal
NUESTRA SOLEDAD LA CAMPANIA EJUTLA 700ML BOTTLE,,Spirits — Tequila & Mezcal
NUESTRA SOLEDAD LACHIGUI 700ML BOTTLE,,Spirits — Tequila & Mezcal
Nuestra Soledad San Baltazar,,Spirits — Tequila & Mezcal
NUESTRA SOLEDAD SAN BALTAZAR 700ML BOTTLE,,Spirits — Tequila & Mezcal
Nuestra Soledad San Luis del Rio,,Spirits — Tequila & Mezcal
NUESTRA SOLEDAD SAN LUIS DEL RIO 700ML BOTTLE,,Spirits — Tequila & Mezcal
Nuestra Soledad Santiago Matatlan,,Spirits — Tequila & Mezcal
NUESTRA SOLEDAD SANTIAGO MATATLAN 750ML BOTTLE,,Spirits — Tequila & Mezcal
Ocho Anejo,,Spirits — Tequila & Mezcal
Ocho Extra Anejo,,Spirits — Tequila & Mezcal
Ocho Plata,,Spirits — Tequila & Mezcal
OCHO PLATA 700ML BOTTLE,,Spirits — Tequila & Mezcal
Ocho Reposado,,Spirits — Tequila & Mezcal
OCHO REPOSADO 700ML BOTTLE,,Spirits — Tequila & Mezcal
Origen Raiz Cenizo,,Spirits — Tequila & Mezcal
Origen Raiz Chacaleno,,Spirits — Tequila & Mezcal
Origen Raiz Madrecuishe,,Spirits — Tequila & Mezcal
Origen Raiz Pechuga,,Spirits — Tequila & Mezcal
Origen Raiz Sotol,,Spirits — Tequila & Mezcal
Pasote Blanco,,Spirits — Tequila & Mezcal
PASOTE BLANCO 750ML BOTTLE,,Spirits — Tequila & Mezcal
Patron Anejo,,Spirits — Tequila & Mezcal
PATRON ANEJO 700ML BOTTLE,,Spirits — Tequila & Mezcal
Patron El Cielo,,Spirits — Tequila & Mezcal
PATRON EL CIELO 700ML BOTTLE,,Spirits — Tequila & Mezcal
Patron Reposado,,Spirits — Tequila & Mezcal
PATRON REPOSADO 700ML BOTTLE,,Spirits — Tequila & Mezcal
Patron Silver,,Spirits — Tequila & Mezcal
PATRON SILVER 700 ML BOTTLE,,Spirits — Tequila & Mezcal
Quiquiriqui,,Spirits — Tequila & Mezcal
QUIQUIRIQUI 700ML BOTTLE,,Spirits — Tequila & Mezcal
Raicilla Las Perlas,,Spirits — Tequila & Mezcal
San Cosme Mezcal,,Spirits — Tequila & Mezcal
SAN COSME MEZCAL 700ML BOTTLE,,Spirits — Tequila & Mezcal
Siete Leguas Blanco,,Spirits — Tequila & Mezcal
SIETE LEGUAS BLANCO 700ML BOTTLE,,Spirits — Tequila & Mezcal
SIETE MISTERIOS DOBA YEJ 700ML BOTTLE,,Spirits — Tequila & Mezcal
Spicy Pineapple Margarita Keg 20L,,Spirits — Tequila & Mezcal
Tapatio Blanco,,Spirits — Tequila & Mezcal
TAPATIO BLANCO 750ML BOTTLE,,Spirits — Tequila & Mezcal
Tapatio Reposado,,Spirits — Tequila & Mezcal
Terralta Blanco,,Spirits — Tequila & Mezcal
TERRALTA BLANCO 750ML BOTTLE,,Spirits — Tequila & Mezcal
Tres Agaves Blanco,,Spirits — Tequila & Mezcal
TROMBA ANEJO 750ML BOTTLE,,Spirits — Tequila & Mezcal
Tromba Blanco,,Spirits — Tequila & Mezcal
TROMBA REPOSADO 750ML BOTTLE,,Spirits — Tequila & Mezcal
VOLANS BLANCO 750ML BOTTLE,,Spirits — Tequila & Mezcal
VOLANS EXTRA ANEJO 750ML BOTTLE,,Spirits — Tequila & Mezcal
2015 Geoff Merrill Reserve Cabernet Sauvignon (Case of 6),,Wine — Red
2017 Geoff Merrill 'Jacko's' Shiraz (Case of 12),,Wine — Red
2019 Cà di Bruno Barbaresco DOCG (Case of 6),,Wine — Red
2019 Edmeades Zinfandel (Case of 12),,Wine — Red
2020 Giant Steps Syrah/Carignan/Grenache (Case of 6),,Wine — Red
2020 Nielson Pinot Noir (Case of 12),,Wine — Red
2021 Louis Jadot Bourgogne (Case of 12),,Wine — Red
2021 Villa Albergotti Chianti Superiore DOCG (Case of 6),,Wine — Red
2022 BenMarco Malbec (Case of 6),,Wine — Red
2022 BenMarco Valle de Uco (Case of 6),,Wine — Red
2022 Capa Single Vineyard Tempranillo (Case of 6),,Wine — Red
2022 Helen's Hill 'The Smuggler' Pinot Noir (Case of 6),,Wine — Red
2022 Ramos Pinto Duas Quintas Tinto (Case of 6),,Wine — Red
2022 Stephane Brocard Gevrey-Chambertin Vielles Vignes (Case of 6),,Wine — Red
2022 Teusner 'Wark Family' Shiraz (Case of 12),,Wine — Red
2022 Utopos Cabernet Sauvignon (Case of 6),,Wine — Red
2022 Utopos Shiraz (Case of 6),,Wine — Red
2023 Bonnet & Cotton Beaujolais Rogue (Case of 12),,Wine — Red
2023 Haddow & Dineen 'Private Universe' Pinot Noir (Case of 6),,Wine — Red
2023 Red Claw Pinot Noir (Case of 6),,Wine — Red
2023 Teusner 'Wark Family' Shiraz (Case of 12),,Wine — Red
2023 Teusner The G Grenache (Case of 6),,Wine — Red
2024 Domaine Thompson Explorer Pinot Noir (Case of 12),,Wine — Red
2024 El Desperado Pinot Noir (Case of 12),,Wine — Red
2024 Vanguardist 'Field' GSM (Case of 6),,Wine — Red
2024 Yangarra Estate 'Circle' Shiraz (Case of 6),,Wine — Red
A Rodda Tempranillo 2023 (Case of 12),,Wine — Red
BenMarco Valle de Uco Malbec,,Wine — Red
Bonnet & Cotton Beaujolais Rouge,,Wine — Red
Briar Ridge 'BDX',,Wine — Red
Cannonball Cabernet Sauvignon,,Wine — Red
Capa Tempranillo,,Wine — Red
Chateau Domecq,,Wine — Red
Chateau La Grave Figeac,,Wine — Red
Domaine Bouchard Corton Grand Cru,,Wine — Red
Domaine Thomson Explorer Pinot Noir,,Wine — Red
El Desperado Pinot Noir,,Wine — Red
Geoff Merrill Jacko's Shiraz,,Wine — Red
Geoff Merrill Reserve Cabernet Sauvignon,,Wine — Red
Helen's Hill The Smuggler Pinot Noir,,Wine — Red
La Violetta 'Up!' Shiraz,,Wine — Red
Monte fi li Chianti Classico,,Wine — Red
Novum Pinot Noir,,Wine — Red
Paxton 'Elizabeth Jean' Shiraz,,Wine — Red
Rockford 'Basket Press' Shiraz 2004,,Wine — Red
Rockford Basket Press Shiraz 2017,,Wine — Red
Rockford Basket Press Shiraz 2018,,Wine — Red
Sandrone Le Vigne Barolo,,Wine — Red
Surco 2.7 Cabernet Sauvignon,,Wine — Red
Teusner Avatar GSM,,Wine — Red
Teusner Righteous FG Shiraz,,Wine — Red
Teusner Wark Family Shiraz,,Wine — Red
Torbreck 'The Factor' Shiraz,,Wine — Red
Vandal 'Gonzo Combat Rouge' Red Blend,,Wine — Red
Vanguardist Field GSM,,Wine — Red
Villa Albergotti Chianti Superiore,,Wine — Red
Wendouree Cabernet Malbec,,Wine — Red
Yalumba 'The Reserve' Cabernet Sauvignon,,Wine — Red
2023 Maison Saint Aix Dry Rose 750ml (Case of 12),,Wine — Rosé
2024 Giant Steps Rose (Case of 6),,Wine — Rosé
2024 R. Paulazzo Rose (Case of 12),,Wine — Rosé
Billecart Salmon Rose,,Wine — Rosé
Cuvée Colette Rosé 2024 (Case of 6),,Wine — Rosé
La Belle Colette Rose,,Wine — Rosé
R. Paulazzo Rose,,Wine — Rosé
Lark Hill Roxanne,,Wine — Sparkling
Laurent Perrier La Cuvee Champagne,,Wine — Sparkling
NV Laurent Perrier Brut Rose (Case of 6),,Wine — Sparkling
NV Laurent Perrier La Cuvee (Case of 6),,Wine — Sparkling
NV Serenello Prosecco (Case of 6),,Wine — Sparkling
Pol Roger Brut Rose,,Wine — Sparkling
Sabi Wabi Pet Nat,,Wine — Sparkling
Serenello Prosecco,,Wine — Sparkling
2021 Cannonball Chardonnay (Case of 12),,Wine — White
2021 Domaine Schlumberger Saering Grand Cru Alsace (Case of 6),,Wine — White
2022 Atlas 'Eden Valley' Riesling (Case of 6),,Wine — White
2022 Domaine Oudin Chablis (Case of 12),,Wine — White
2022 Eperosa 'Magnolia 1941' Semillon (Case of 6),,Wine — White
2022 Kendall Jackson 'Vintners Reserve' Chardonnay (Case of 12),,Wine — White
2022 Loïc Mahe 'Sables & Schists' Chenin Blanc Savennieres (Case of 12),,Wine — White
2022 Weingut Huls Riesling (Case of 6),,Wine — White
2023 Catalina Sounds 'Sound of White' Sauvignon Blanc (Case of 6),,Wine — White
2023 Giant Steps Sexton Vineyard Chardonnay (Case of 6),,Wine — White
2023 Gilbert Sauvignon Blanc (Case of 12),,Wine — White
2023 Gotas de Mar Albarino (Case of 6),,Wine — White
2023 Greystone Pinot Gris (Case of 12),,Wine — White
2023 Inama Vin Soave Classico Screwcap (Case of 6),,Wine — White
2023 Ingram Road Chardonnay (Case of 12),,Wine — White
2023 Louis Jadot Pouilly-Fuisse (Case of 12),,Wine — White
2023 Mon Tout 'Heydays' Chardonnay -skin contact- (Case of 12),,Wine — White
2023 Nick Spencer Gruner Veltliner (Case of 12),,Wine — White
2023 Shut The Gate For Freedom Gewurtztraminer (Case of 12),,Wine — White
2023 Te Mata 'Elston' Chardonnay (Case of 6),,Wine — White
2024 Badenhorst 'Secateurs' Chenin Blanc (Case of 12),,Wine — White
2024 Domaine Christian Salmon Sancerre AC (Case of 12),,Wine — White
2024 Frogmore Creek Riesling (Case of 6),,Wine — White
2024 Grosset Polish Hill Riesling (Case of 12),,Wine — White
2024 i Lauri Pecorino D'Abruzzo (Case of 6),,Wine — White
2024 Poggio Anima 'Uriel' Grillo (Case of 12),,Wine — White
2024 Shaw & Smith 'M3' Chardonnay (Case of 6),,Wine — White
2024 Thorin 'Terres de Craie' Macon Villages (Case of 12),,Wine — White
2024 Vinden 'Headcase' Semillon (Case of 12),,Wine — White
Atlas Eden Valley Riesling,,Wine — White
Badenhorst Secateurs Chenin Blanc,,Wine — White
Briar Ridge The Squire Chardonnay 2024 (Case of 12),,Wine — White
Catalina Sounds Sound of White Sauvignon Blanc,,Wine — White
Eperosa Magnolia Semillon,,Wine — White
Frankly Bob Skinsy,,Wine — White
Frogmore Creek Riesling,,Wine — White
Giaconda 'Nantua Les Deux' Chardonnay,,Wine — White
Gotas de Mar Albarino,,Wine — White
Greystone Pinot Gris 2024,,Wine — White
Greywacke Sauvignon Blanc,,Wine — White
i Lauri AVALOS Pecorino,,Wine — White
Inama Soave Classico,,Wine — White
Ingram Road Chardonnay,,Wine — White
Kendall Jackson Vintners Reserve Chardonnay,,Wine — White
Moments of Clarity Riesling,,Wine — White
Sabi Wabi 'Sugi' Semillon,,Wine — White
Shut The Gate For Freedom Gewurztraminer,,Wine — White
Stephane Brocard Macon Villages,,Wine — White
Tolpuddle Chardonnay,,Wine — White
Vandal Gonzo Militia White Blend 750mL,,Wine — White
Weingut Huls Riesling,,Wine — White
Winmark Rusty's Run Chardonnay,,Wine — White
